page_number,filename
001,F.Day.3.13Jan20_page_001.png
002,F.Day.3.13Jan20_page_002.png
003,F.Day.3.13Jan20_page_003.png
004,F.Day.3.13Jan20_page_004.png
005,F.Day.3.13Jan20_page_005.png
006,F.Day.3.13Jan20_page_006.png
007,F.Day.3.13Jan20_page_007.png
008,F.Day.3.13Jan20_page_008.png
009,F.Day.3.13Jan20_page_009.png
010,F.Day.3.13Jan20_page_010.png
011,F.Day.3.13Jan20_page_011.png
012,F.Day.3.13Jan20_page_012.png
013,F.Day.3.13Jan20_page_013.png
014,F.Day.3.13Jan20_page_014.png
015,F.Day.3.13Jan20_page_015.png
016,F.Day.3.13Jan20_page_016.png
017,F.Day.3.13Jan20_page_017.png
018,F.Day.3.13Jan20_page_018.png
019,F.Day.3.13Jan20_page_019.png
020,F.Day.3.13Jan20_page_020.png
021,F.Day.3.13Jan20_page_021.png
022,F.Day.3.13Jan20_page_022.png
023,F.Day.3.13Jan20_page_023.png
024,F.Day.3.13Jan20_page_024.png
025,F.Day.3.13Jan20_page_025.png
026,F.Day.3.13Jan20_page_026.png
027,F.Day.3.13Jan20_page_027.png
028,F.Day.3.13Jan20_page_028.png
029,F.Day.3.13Jan20_page_029.png
030,F.Day.3.13Jan20_page_030.png
031,F.Day.3.13Jan20_page_031.png
032,F.Day.3.13Jan20_page_032.png
033,F.Day.3.13Jan20_page_033.png
034,F.Day.3.13Jan20_page_034.png
035,F.Day.3.13Jan20_page_035.png
036,F.Day.3.13Jan20_page_036.png
037,F.Day.3.13Jan20_page_037.png
038,F.Day.3.13Jan20_page_038.png
039,F.Day.3.13Jan20_page_039.png
040,F.Day.3.13Jan20_page_040.png
041,F.Day.3.13Jan20_page_041.png
042,F.Day.3.13Jan20_page_042.png
043,F.Day.3.13Jan20_page_043.png
044,F.Day.3.13Jan20_page_044.png
045,F.Day.3.13Jan20_page_045.png
046,F.Day.3.13Jan20_page_046.png
047,F.Day.3.13Jan20_page_047.png
048,F.Day.3.13Jan20_page_048.png
049,F.Day.3.13Jan20_page_049.png
050,F.Day.3.13Jan20_page_050.png
051,F.Day.3.13Jan20_page_051.png
052,F.Day.3.13Jan20_page_052.png
053,F.Day.3.13Jan20_page_053.png
054,F.Day.3.13Jan20_page_054.png
055,F.Day.3.13Jan20_page_055.png
056,F.Day.3.13Jan20_page_056.png
057,F.Day.3.13Jan20_page_057.png
058,F.Day.3.13Jan20_page_058.png
059,F.Day.3.13Jan20_page_059.png
060,F.Day.3.13Jan20_page_060.png
061,F.Day.3.13Jan20_page_061.png
062,F.Day.3.13Jan20_page_062.png
063,F.Day.3.13Jan20_page_063.png
064,F.Day.3.13Jan20_page_064.png
065,F.Day.3.13Jan20_page_065.png
066,F.Day.3.13Jan20_page_066.png
